sample_id,Well_in_AMPureXP,Tag,pri_index_name,Combo,dna_id,SampleName,Area,Site,Tide,Month,locus,sec_index_seq,primerF_seq,primerR_seq,insert_size,sec_index_start,file1,file2,pri_index_seq
SA07A.1,A1,Tag_12,Lib_B,Tag_12_Lib_B,SA07A,SA20170721A,Hood Canal Intertidal,Salisbury,Outgoing,July,COI,GATGAC,GGWACWGGWTGAACWGTWTAYCCYCC,TANACYTCNGGRTGNCCRAARAAYCA,500,4,Lib-B_S2_L001_R1_001_sub.fastq,Lib-B_S2_L001_R2_001_sub.fastq,TGACCA
SA07B.1,B1,Tag_12,Lib_D,Tag_12_Lib_D,SA07B,SA20170721B,Hood Canal Intertidal,Salisbury,Outgoing,July,COI,GATGAC,GGWACWGGWTGAACWGTWTAYCCYCC,TANACYTCNGGRTGNCCRAARAAYCA,500,4,Lib-D_S4_L001_R1_001_sub.fastq,Lib-D_S4_L001_R2_001_sub.fastq,GCCAAT
SA07C.1,C1,Tag_4,Lib_B,Tag_4_Lib_B,SA07C,SA20170721C,Hood Canal Intertidal,Salisbury,Outgoing,July,COI,GCGCTC,GGWACWGGWTGAACWGTWTAYCCYCC,TANACYTCNGGRTGNCCRAARAAYCA,500,4,Lib-B_S2_L001_R1_001_sub.fastq,Lib-B_S2_L001_R2_001_sub.fastq,TGACCA
TR07A.1,D1,Tag_8,Lib_G,Tag_8_Lib_G,TR07A,TR20170721A,Hood Canal Intertidal,Triton,Low Tide,July,COI,CTCGCA,GGWACWGGWTGAACWGTWTAYCCYCC,TANACYTCNGGRTGNCCRAARAAYCA,500,4,Lib-G_S7_L001_R1_001_sub.fastq,Lib-G_S7_L001_R2_001_sub.fastq,GGCTAC
TR07B.1,E1,Tag_2,Lib_A,Tag_2_Lib_A,TR07B,TR20170721B,Hood Canal Intertidal,Triton,Low Tide,July,COI,ACAGCA,GGWACWGGWTGAACWGTWTAYCCYCC,TANACYTCNGGRTGNCCRAARAAYCA,500,4,Lib-A_S1_L001_R1_001_sub.fastq,Lib-A_S1_L001_R2_001_sub.fastq,CGATGT
TR07C.1,F1,Tag_10,Lib_B,Tag_10_Lib_B,TR07C,TR20170721C,Hood Canal Intertidal,Triton,Low Tide,July,COI,TGTATG,GGWACWGGWTGAACWGTWTAYCCYCC,TANACYTCNGGRTGNCCRAARAAYCA,500,4,Lib-B_S2_L001_R1_001_sub.fastq,Lib-B_S2_L001_R2_001_sub.fastq,TGACCA
LL07A.1,G1,Tag_7,Lib_G,Tag_7_Lib_G,LL07A,LL20170721A,Hood Canal Intertidal,Lilliwaup,Low Tide,July,COI,ATATCG,GGWACWGGWTGAACWGTWTAYCCYCC,TANACYTCNGGRTGNCCRAARAAYCA,500,4,Lib-G_S7_L001_R1_001_sub.fastq,Lib-G_S7_L001_R2_001_sub.fastq,GGCTAC
LL07B.1,H1,Tag_1,Lib_A,Tag_1_Lib_A,LL07B,LL20170721B,Hood Canal Intertidal,Lilliwaup,Low Tide,July,COI,ACACAC,GGWACWGGWTGAACWGTWTAYCCYCC,TANACYTCNGGRTGNCCRAARAAYCA,500,4,Lib-A_S1_L001_R1_001_sub.fastq,Lib-A_S1_L001_R2_001_sub.fastq,CGATGT
LL07C.1,A2,Tag_5,Lib_G,Tag_5_Lib_G,LL07C,LL20170721C,Hood Canal Intertidal,Lilliwaup,Low Tide,July,COI,ACATGT,GGWACWGGWTGAACWGTWTAYCCYCC,TANACYTCNGGRTGNCCRAARAAYCA,500,4,Lib-G_S7_L001_R1_001_sub.fastq,Lib-G_S7_L001_R2_001_sub.fastq,GGCTAC
PO07A.1,B2,Tag_9,Lib_A,Tag_9_Lib_A,PO07A,PO20170721A,Hood Canal Intertidal,Potlatch,Incoming,July,COI,TCGCAT,GGWACWGGWTGAACWGTWTAYCCYCC,TANACYTCNGGRTGNCCRAARAAYCA,500,4,Lib-A_S1_L001_R1_001_sub.fastq,Lib-A_S1_L001_R2_001_sub.fastq,CGATGT
PO07B.1,C2,Tag_15,Lib_D,Tag_15_Lib_D,PO07B,PO20170721B,Hood Canal Intertidal,Potlatch,Incoming,July,COI,CGACGC,GGWACWGGWTGAACWGTWTAYCCYCC,TANACYTCNGGRTGNCCRAARAAYCA,500,4,Lib-D_S4_L001_R1_001_sub.fastq,Lib-D_S4_L001_R2_001_sub.fastq,GCCAAT
PO07C.1,D2,Tag_7,Lib_E,Tag_7_Lib_E,PO07C,PO20170721C,Hood Canal Intertidal,Potlatch,Incoming,July,COI,ATATCG,GGWACWGGWTGAACWGTWTAYCCYCC,TANACYTCNGGRTGNCCRAARAAYCA,500,4,Lib-E_S5_L001_R1_001_sub.fastq,Lib-E_S5_L001_R2_001_sub.fastq,CAGATC
TW07A.1,E2,Tag_7,Lib_F,Tag_7_Lib_F,TW07A,TW20170721A,Hood Canal Intertidal,Twanoh,Low Tide,July,COI,ATATCG,GGWACWGGWTGAACWGTWTAYCCYCC,TANACYTCNGGRTGNCCRAARAAYCA,500,4,Lib-F_S6_L001_R1_001_sub.fastq,Lib-F_S6_L001_R2_001_sub.fastq,CTTGTA
TW07B.1,F2,Tag_13,Lib_C,Tag_13_Lib_C,TW07B,TW20170721B,Hood Canal Intertidal,Twanoh,Low Tide,July,COI,ATCAGT,GGWACWGGWTGAACWGTWTAYCCYCC,TANACYTCNGGRTGNCCRAARAAYCA,500,4,Lib-C_S3_L001_R1_001_sub.fastq,Lib-C_S3_L001_R2_001_sub.fastq,ACAGTG
TW07C.1,G2,Tag_12,Lib_C,Tag_12_Lib_C,TW07C,TW20170721C,Hood Canal Intertidal,Twanoh,Low Tide,July,COI,GATGAC,GGWACWGGWTGAACWGTWTAYCCYCC,TANACYTCNGGRTGNCCRAARAAYCA,500,4,Lib-C_S3_L001_R1_001_sub.fastq,Lib-C_S3_L001_R2_001_sub.fastq,ACAGTG
Ostrich.1,H2,Tag_4,Lib_D,Tag_4_Lib_D,Ostrich,NA,NA,NA,NA,NA,COI,GCGCTC,GGWACWGGWTGAACWGTWTAYCCYCC,TANACYTCNGGRTGNCCRAARAAYCA,500,4,Lib-D_S4_L001_R1_001_sub.fastq,Lib-D_S4_L001_R2_001_sub.fastq,GCCAAT
SA08A.1,A3,Tag_4,Lib_F,Tag_4_Lib_F,SA08A,SA20170818A,Hood Canal Intertidal,Salisbury,Low Tide,August,COI,GCGCTC,GGWACWGGWTGAACWGTWTAYCCYCC,TANACYTCNGGRTGNCCRAARAAYCA,500,4,Lib-F_S6_L001_R1_001_sub.fastq,Lib-F_S6_L001_R2_001_sub.fastq,CTTGTA
SA08B.1,B3,Tag_14,Lib_D,Tag_14_Lib_D,SA08B,SA20170818B,Hood Canal Intertidal,Salisbury,Low Tide,August,COI,TCGTCA,GGWACWGGWTGAACWGTWTAYCCYCC,TANACYTCNGGRTGNCCRAARAAYCA,500,4,Lib-D_S4_L001_R1_001_sub.fastq,Lib-D_S4_L001_R2_001_sub.fastq,GCCAAT
SA08C.1,C3,Tag_2,Lib_B,Tag_2_Lib_B,SA08C,SA20170818C,Hood Canal Intertidal,Salisbury,Low Tide,August,COI,ACAGCA,GGWACWGGWTGAACWGTWTAYCCYCC,TANACYTCNGGRTGNCCRAARAAYCA,500,4,Lib-B_S2_L001_R1_001_sub.fastq,Lib-B_S2_L001_R2_001_sub.fastq,TGACCA
TR08A.1,D3,Tag_7,Lib_C,Tag_7_Lib_C,TR08A,TR20170818A,Hood Canal Intertidal,Triton,Incoming/Low,August,COI,ATATCG,GGWACWGGWTGAACWGTWTAYCCYCC,TANACYTCNGGRTGNCCRAARAAYCA,500,4,Lib-C_S3_L001_R1_001_sub.fastq,Lib-C_S3_L001_R2_001_sub.fastq,ACAGTG
TR08B.1,E3,Tag_2,Lib_G,Tag_2_Lib_G,TR08B,TR20170818B,Hood Canal Intertidal,Triton,Incoming/Low,August,COI,ACAGCA,GGWACWGGWTGAACWGTWTAYCCYCC,TANACYTCNGGRTGNCCRAARAAYCA,500,4,Lib-G_S7_L001_R1_001_sub.fastq,Lib-G_S7_L001_R2_001_sub.fastq,GGCTAC
TR08C.1,F3,Tag_2,Lib_F,Tag_2_Lib_F,TR08C,TR20170818C,Hood Canal Intertidal,Triton,Incoming/Low,August,COI,ACAGCA,GGWACWGGWTGAACWGTWTAYCCYCC,TANACYTCNGGRTGNCCRAARAAYCA,500,4,Lib-F_S6_L001_R1_001_sub.fastq,Lib-F_S6_L001_R2_001_sub.fastq,CTTGTA
LL08A.1,G3,Tag_4,Lib_A,Tag_4_Lib_A,LL08A,LL20170818A,Hood Canal Intertidal,Lilliwaup,Incoming,August,COI,GCGCTC,GGWACWGGWTGAACWGTWTAYCCYCC,TANACYTCNGGRTGNCCRAARAAYCA,500,4,Lib-A_S1_L001_R1_001_sub.fastq,Lib-A_S1_L001_R2_001_sub.fastq,CGATGT
LL08B.1,H3,Tag_15,Lib_G,Tag_15_Lib_G,LL08B,LL20170818B,Hood Canal Intertidal,Lilliwaup,Incoming,August,COI,CGACGC,GGWACWGGWTGAACWGTWTAYCCYCC,TANACYTCNGGRTGNCCRAARAAYCA,500,4,Lib-G_S7_L001_R1_001_sub.fastq,Lib-G_S7_L001_R2_001_sub.fastq,GGCTAC
LL08C.1,A4,Tag_12,Lib_A,Tag_12_Lib_A,LL08C,LL20170818C,Hood Canal Intertidal,Lilliwaup,Incoming,August,COI,GATGAC,GGWACWGGWTGAACWGTWTAYCCYCC,TANACYTCNGGRTGNCCRAARAAYCA,500,4,Lib-A_S1_L001_R1_001_sub.fastq,Lib-A_S1_L001_R2_001_sub.fastq,CGATGT
PO08A.1,B4,Tag_4,Lib_E,Tag_4_Lib_E,PO08A,PO20170818A,Hood Canal Intertidal,Potlatch,Incoming,August,COI,GCGCTC,GGWACWGGWTGAACWGTWTAYCCYCC,TANACYTCNGGRTGNCCRAARAAYCA,500,4,Lib-E_S5_L001_R1_001_sub.fastq,Lib-E_S5_L001_R2_001_sub.fastq,CAGATC
PO08B.1,C4,Tag_5,Lib_B,Tag_5_Lib_B,PO08B,PO20170818B,Hood Canal Intertidal,Potlatch,Incoming,August,COI,ACATGT,GGWACWGGWTGAACWGTWTAYCCYCC,TANACYTCNGGRTGNCCRAARAAYCA,500,4,Lib-B_S2_L001_R1_001_sub.fastq,Lib-B_S2_L001_R2_001_sub.fastq,TGACCA
PO08C.1,D4,Tag_3,Lib_G,Tag_3_Lib_G,PO08C,PO20170818C,Hood Canal Intertidal,Potlatch,Incoming,August,COI,GTCTCT,GGWACWGGWTGAACWGTWTAYCCYCC,TANACYTCNGGRTGNCCRAARAAYCA,500,4,Lib-G_S7_L001_R1_001_sub.fastq,Lib-G_S7_L001_R2_001_sub.fastq,GGCTAC
TW08A.1,E4,Tag_13,Lib_E,Tag_13_Lib_E,TW08A,TW20170818A,Hood Canal Intertidal,Twanoh,Incoming/High,August,COI,ATCAGT,GGWACWGGWTGAACWGTWTAYCCYCC,TANACYTCNGGRTGNCCRAARAAYCA,500,4,Lib-E_S5_L001_R1_001_sub.fastq,Lib-E_S5_L001_R2_001_sub.fastq,CAGATC
TW08B.1,F4,Tag_8,Lib_D,Tag_8_Lib_D,TW08B,TW20170818B,Hood Canal Intertidal,Twanoh,Incoming/High,August,COI,CTCGCA,GGWACWGGWTGAACWGTWTAYCCYCC,TANACYTCNGGRTGNCCRAARAAYCA,500,4,Lib-D_S4_L001_R1_001_sub.fastq,Lib-D_S4_L001_R2_001_sub.fastq,GCCAAT
TW08C.1,G4,Tag_8,Lib_B,Tag_8_Lib_B,TW08C,TW20170818C,Hood Canal Intertidal,Twanoh,Incoming/High,August,COI,CTCGCA,GGWACWGGWTGAACWGTWTAYCCYCC,TANACYTCNGGRTGNCCRAARAAYCA,500,4,Lib-B_S2_L001_R1_001_sub.fastq,Lib-B_S2_L001_R2_001_sub.fastq,TGACCA
SA07A.2,A5,Tag_5,Lib_D,Tag_5_Lib_D,SA07A,SA20170721A,Hood Canal Intertidal,Salisbury,Outgoing,July,COI,ACATGT,GGWACWGGWTGAACWGTWTAYCCYCC,TANACYTCNGGRTGNCCRAARAAYCA,500,4,Lib-D_S4_L001_R1_001_sub.fastq,Lib-D_S4_L001_R2_001_sub.fastq,GCCAAT
SA07B.2,B5,Tag_13,Lib_G,Tag_13_Lib_G,SA07B,SA20170721B,Hood Canal Intertidal,Salisbury,Outgoing,July,COI,ATCAGT,GGWACWGGWTGAACWGTWTAYCCYCC,TANACYTCNGGRTGNCCRAARAAYCA,500,4,Lib-G_S7_L001_R1_001_sub.fastq,Lib-G_S7_L001_R2_001_sub.fastq,GGCTAC
SA07C.2,C5,Tag_11,Lib_B,Tag_11_Lib_B,SA07C,SA20170721C,Hood Canal Intertidal,Salisbury,Outgoing,July,COI,GCAGTG,GGWACWGGWTGAACWGTWTAYCCYCC,TANACYTCNGGRTGNCCRAARAAYCA,500,4,Lib-B_S2_L001_R1_001_sub.fastq,Lib-B_S2_L001_R2_001_sub.fastq,TGACCA
TR07A.2,D5,Tag_10,Lib_A,Tag_10_Lib_A,TR07A,TR20170721A,Hood Canal Intertidal,Triton,Low Tide,July,COI,TGTATG,GGWACWGGWTGAACWGTWTAYCCYCC,TANACYTCNGGRTGNCCRAARAAYCA,500,4,Lib-A_S1_L001_R1_001_sub.fastq,Lib-A_S1_L001_R2_001_sub.fastq,CGATGT
TR07B.2,E5,Tag_3,Lib_B,Tag_3_Lib_B,TR07B,TR20170721B,Hood Canal Intertidal,Triton,Low Tide,July,COI,GTCTCT,GGWACWGGWTGAACWGTWTAYCCYCC,TANACYTCNGGRTGNCCRAARAAYCA,500,4,Lib-B_S2_L001_R1_001_sub.fastq,Lib-B_S2_L001_R2_001_sub.fastq,TGACCA
TR07C.2,F5,Tag_11,Lib_F,Tag_11_Lib_F,TR07C,TR20170721C,Hood Canal Intertidal,Triton,Low Tide,July,COI,GCAGTG,GGWACWGGWTGAACWGTWTAYCCYCC,TANACYTCNGGRTGNCCRAARAAYCA,500,4,Lib-F_S6_L001_R1_001_sub.fastq,Lib-F_S6_L001_R2_001_sub.fastq,CTTGTA
LL07A.2,G5,Tag_6,Lib_B,Tag_6_Lib_B,LL07A,LL20170721A,Hood Canal Intertidal,Lilliwaup,Low Tide,July,COI,ACGACG,GGWACWGGWTGAACWGTWTAYCCYCC,TANACYTCNGGRTGNCCRAARAAYCA,500,4,Lib-B_S2_L001_R1_001_sub.fastq,Lib-B_S2_L001_R2_001_sub.fastq,TGACCA
LL07B.2,H5,Tag_14,Lib_E,Tag_14_Lib_E,LL07B,LL20170721B,Hood Canal Intertidal,Lilliwaup,Low Tide,July,COI,TCGTCA,GGWACWGGWTGAACWGTWTAYCCYCC,TANACYTCNGGRTGNCCRAARAAYCA,500,4,Lib-E_S5_L001_R1_001_sub.fastq,Lib-E_S5_L001_R2_001_sub.fastq,CAGATC
LL07C.2,A6,Tag_7,Lib_A,Tag_7_Lib_A,LL07C,LL20170721C,Hood Canal Intertidal,Lilliwaup,Low Tide,July,COI,ATATCG,GGWACWGGWTGAACWGTWTAYCCYCC,TANACYTCNGGRTGNCCRAARAAYCA,500,4,Lib-A_S1_L001_R1_001_sub.fastq,Lib-A_S1_L001_R2_001_sub.fastq,CGATGT
PO07A.2,B6,Tag_7,Lib_B,Tag_7_Lib_B,PO07A,PO20170721A,Hood Canal Intertidal,Potlatch,Incoming,July,COI,ATATCG,GGWACWGGWTGAACWGTWTAYCCYCC,TANACYTCNGGRTGNCCRAARAAYCA,500,4,Lib-B_S2_L001_R1_001_sub.fastq,Lib-B_S2_L001_R2_001_sub.fastq,TGACCA
PO07B.2,C6,Tag_10,Lib_C,Tag_10_Lib_C,PO07B,PO20170721B,Hood Canal Intertidal,Potlatch,Incoming,July,COI,TGTATG,GGWACWGGWTGAACWGTWTAYCCYCC,TANACYTCNGGRTGNCCRAARAAYCA,500,4,Lib-C_S3_L001_R1_001_sub.fastq,Lib-C_S3_L001_R2_001_sub.fastq,ACAGTG
PO07C.2,D6,Tag_6,Lib_E,Tag_6_Lib_E,PO07C,PO20170721C,Hood Canal Intertidal,Potlatch,Incoming,July,COI,ACGACG,GGWACWGGWTGAACWGTWTAYCCYCC,TANACYTCNGGRTGNCCRAARAAYCA,500,4,Lib-E_S5_L001_R1_001_sub.fastq,Lib-E_S5_L001_R2_001_sub.fastq,CAGATC
TW07A.2,E6,Tag_15,Lib_F,Tag_15_Lib_F,TW07A,TW20170721A,Hood Canal Intertidal,Twanoh,Low Tide,July,COI,CGACGC,GGWACWGGWTGAACWGTWTAYCCYCC,TANACYTCNGGRTGNCCRAARAAYCA,500,4,Lib-F_S6_L001_R1_001_sub.fastq,Lib-F_S6_L001_R2_001_sub.fastq,CTTGTA
TW07B.2,F6,Tag_4,Lib_G,Tag_4_Lib_G,TW07B,TW20170721B,Hood Canal Intertidal,Twanoh,Low Tide,July,COI,GCGCTC,GGWACWGGWTGAACWGTWTAYCCYCC,TANACYTCNGGRTGNCCRAARAAYCA,500,4,Lib-G_S7_L001_R1_001_sub.fastq,Lib-G_S7_L001_R2_001_sub.fastq,GGCTAC
TW07C.2,G6,Tag_8,Lib_A,Tag_8_Lib_A,TW07C,TW20170721C,Hood Canal Intertidal,Twanoh,Low Tide,July,COI,CTCGCA,GGWACWGGWTGAACWGTWTAYCCYCC,TANACYTCNGGRTGNCCRAARAAYCA,500,4,Lib-A_S1_L001_R1_001_sub.fastq,Lib-A_S1_L001_R2_001_sub.fastq,CGATGT
Ostrich.2,H6,Tag_14,Lib_C,Tag_14_Lib_C,Ostrich,NA,NA,NA,NA,NA,COI,TCGTCA,GGWACWGGWTGAACWGTWTAYCCYCC,TANACYTCNGGRTGNCCRAARAAYCA,500,4,Lib-C_S3_L001_R1_001_sub.fastq,Lib-C_S3_L001_R2_001_sub.fastq,ACAGTG
SA08A.2,A7,Tag_5,Lib_A,Tag_5_Lib_A,SA08A,SA20170818A,Hood Canal Intertidal,Salisbury,Low Tide,August,COI,ACATGT,GGWACWGGWTGAACWGTWTAYCCYCC,TANACYTCNGGRTGNCCRAARAAYCA,500,4,Lib-A_S1_L001_R1_001_sub.fastq,Lib-A_S1_L001_R2_001_sub.fastq,CGATGT
SA08B.2,B7,Tag_11,Lib_G,Tag_11_Lib_G,SA08B,SA20170818B,Hood Canal Intertidal,Salisbury,Low Tide,August,COI,GCAGTG,GGWACWGGWTGAACWGTWTAYCCYCC,TANACYTCNGGRTGNCCRAARAAYCA,500,4,Lib-G_S7_L001_R1_001_sub.fastq,Lib-G_S7_L001_R2_001_sub.fastq,GGCTAC
SA08C.2,C7,Tag_9,Lib_G,Tag_9_Lib_G,SA08C,SA20170818C,Hood Canal Intertidal,Salisbury,Low Tide,August,COI,TCGCAT,GGWACWGGWTGAACWGTWTAYCCYCC,TANACYTCNGGRTGNCCRAARAAYCA,500,4,Lib-G_S7_L001_R1_001_sub.fastq,Lib-G_S7_L001_R2_001_sub.fastq,GGCTAC
TR08A.2,D7,Tag_3,Lib_F,Tag_3_Lib_F,TR08A,TR20170818A,Hood Canal Intertidal,Triton,Incoming/Low,August,COI,GTCTCT,GGWACWGGWTGAACWGTWTAYCCYCC,TANACYTCNGGRTGNCCRAARAAYCA,500,4,Lib-F_S6_L001_R1_001_sub.fastq,Lib-F_S6_L001_R2_001_sub.fastq,CTTGTA
TR08B.2,E7,Tag_1,Lib_D,Tag_1_Lib_D,TR08B,TR20170818B,Hood Canal Intertidal,Triton,Incoming/Low,August,COI,ACACAC,GGWACWGGWTGAACWGTWTAYCCYCC,TANACYTCNGGRTGNCCRAARAAYCA,500,4,Lib-D_S4_L001_R1_001_sub.fastq,Lib-D_S4_L001_R2_001_sub.fastq,GCCAAT
TR08C.2,F7,Tag_14,Lib_A,Tag_14_Lib_A,TR08C,TR20170818C,Hood Canal Intertidal,Triton,Incoming/Low,August,COI,TCGTCA,GGWACWGGWTGAACWGTWTAYCCYCC,TANACYTCNGGRTGNCCRAARAAYCA,500,4,Lib-A_S1_L001_R1_001_sub.fastq,Lib-A_S1_L001_R2_001_sub.fastq,CGATGT
LL08A.2,G7,Tag_15,Lib_A,Tag_15_Lib_A,LL08A,LL20170818A,Hood Canal Intertidal,Lilliwaup,Incoming,August,COI,CGACGC,GGWACWGGWTGAACWGTWTAYCCYCC,TANACYTCNGGRTGNCCRAARAAYCA,500,4,Lib-A_S1_L001_R1_001_sub.fastq,Lib-A_S1_L001_R2_001_sub.fastq,CGATGT
LL08B.2,H7,Tag_15,Lib_B,Tag_15_Lib_B,LL08B,LL20170818B,Hood Canal Intertidal,Lilliwaup,Incoming,August,COI,CGACGC,GGWACWGGWTGAACWGTWTAYCCYCC,TANACYTCNGGRTGNCCRAARAAYCA,500,4,Lib-B_S2_L001_R1_001_sub.fastq,Lib-B_S2_L001_R2_001_sub.fastq,TGACCA
LL08C.2,A8,Tag_11,Lib_A,Tag_11_Lib_A,LL08C,LL20170818C,Hood Canal Intertidal,Lilliwaup,Incoming,August,COI,GCAGTG,GGWACWGGWTGAACWGTWTAYCCYCC,TANACYTCNGGRTGNCCRAARAAYCA,500,4,Lib-A_S1_L001_R1_001_sub.fastq,Lib-A_S1_L001_R2_001_sub.fastq,CGATGT
PO08A.2,B8,Tag_3,Lib_C,Tag_3_Lib_C,PO08A,PO20170818A,Hood Canal Intertidal,Potlatch,Incoming,August,COI,GTCTCT,GGWACWGGWTGAACWGTWTAYCCYCC,TANACYTCNGGRTGNCCRAARAAYCA,500,4,Lib-C_S3_L001_R1_001_sub.fastq,Lib-C_S3_L001_R2_001_sub.fastq,ACAGTG
PO08B.2,C8,Tag_9,Lib_E,Tag_9_Lib_E,PO08B,PO20170818B,Hood Canal Intertidal,Potlatch,Incoming,August,COI,TCGCAT,GGWACWGGWTGAACWGTWTAYCCYCC,TANACYTCNGGRTGNCCRAARAAYCA,500,4,Lib-E_S5_L001_R1_001_sub.fastq,Lib-E_S5_L001_R2_001_sub.fastq,CAGATC
PO08C.2,D8,Tag_8,Lib_E,Tag_8_Lib_E,PO08C,PO20170818C,Hood Canal Intertidal,Potlatch,Incoming,August,COI,CTCGCA,GGWACWGGWTGAACWGTWTAYCCYCC,TANACYTCNGGRTGNCCRAARAAYCA,500,4,Lib-E_S5_L001_R1_001_sub.fastq,Lib-E_S5_L001_R2_001_sub.fastq,CAGATC
TW08A.2,E8,Tag_13,Lib_F,Tag_13_Lib_F,TW08A,TW20170818A,Hood Canal Intertidal,Twanoh,Incoming/High,August,COI,ATCAGT,GGWACWGGWTGAACWGTWTAYCCYCC,TANACYTCNGGRTGNCCRAARAAYCA,500,4,Lib-F_S6_L001_R1_001_sub.fastq,Lib-F_S6_L001_R2_001_sub.fastq,CTTGTA
TW08B.2,F8,Tag_1,Lib_B,Tag_1_Lib_B,TW08B,TW20170818B,Hood Canal Intertidal,Twanoh,Incoming/High,August,COI,ACACAC,GGWACWGGWTGAACWGTWTAYCCYCC,TANACYTCNGGRTGNCCRAARAAYCA,500,4,Lib-B_S2_L001_R1_001_sub.fastq,Lib-B_S2_L001_R2_001_sub.fastq,TGACCA
TW08C.2,G8,Tag_13,Lib_D,Tag_13_Lib_D,TW08C,TW20170818C,Hood Canal Intertidal,Twanoh,Incoming/High,August,COI,ATCAGT,GGWACWGGWTGAACWGTWTAYCCYCC,TANACYTCNGGRTGNCCRAARAAYCA,500,4,Lib-D_S4_L001_R1_001_sub.fastq,Lib-D_S4_L001_R2_001_sub.fastq,GCCAAT
SA07A.3,A9,Tag_2,Lib_D,Tag_2_Lib_D,SA07A,SA20170721A,Hood Canal Intertidal,Salisbury,Outgoing,July,COI,ACAGCA,GGWACWGGWTGAACWGTWTAYCCYCC,TANACYTCNGGRTGNCCRAARAAYCA,500,4,Lib-D_S4_L001_R1_001_sub.fastq,Lib-D_S4_L001_R2_001_sub.fastq,GCCAAT
SA07B.3,B9,Tag_5,Lib_C,Tag_5_Lib_C,SA07B,SA20170721B,Hood Canal Intertidal,Salisbury,Outgoing,July,COI,ACATGT,GGWACWGGWTGAACWGTWTAYCCYCC,TANACYTCNGGRTGNCCRAARAAYCA,500,4,Lib-C_S3_L001_R1_001_sub.fastq,Lib-C_S3_L001_R2_001_sub.fastq,ACAGTG
SA07C.3,C9,Tag_1,Lib_G,Tag_1_Lib_G,SA07C,SA20170721C,Hood Canal Intertidal,Salisbury,Outgoing,July,COI,ACACAC,GGWACWGGWTGAACWGTWTAYCCYCC,TANACYTCNGGRTGNCCRAARAAYCA,500,4,Lib-G_S7_L001_R1_001_sub.fastq,Lib-G_S7_L001_R2_001_sub.fastq,GGCTAC
TR07A.3,D9,Tag_8,Lib_C,Tag_8_Lib_C,TR07A,TR20170721A,Hood Canal Intertidal,Triton,Low Tide,July,COI,CTCGCA,GGWACWGGWTGAACWGTWTAYCCYCC,TANACYTCNGGRTGNCCRAARAAYCA,500,4,Lib-C_S3_L001_R1_001_sub.fastq,Lib-C_S3_L001_R2_001_sub.fastq,ACAGTG
TR07B.3,E9,Tag_15,Lib_C,Tag_15_Lib_C,TR07B,TR20170721B,Hood Canal Intertidal,Triton,Low Tide,July,COI,CGACGC,GGWACWGGWTGAACWGTWTAYCCYCC,TANACYTCNGGRTGNCCRAARAAYCA,500,4,Lib-C_S3_L001_R1_001_sub.fastq,Lib-C_S3_L001_R2_001_sub.fastq,ACAGTG
TR07C.3,F9,Tag_9,Lib_C,Tag_9_Lib_C,TR07C,TR20170721C,Hood Canal Intertidal,Triton,Low Tide,July,COI,TCGCAT,GGWACWGGWTGAACWGTWTAYCCYCC,TANACYTCNGGRTGNCCRAARAAYCA,500,4,Lib-C_S3_L001_R1_001_sub.fastq,Lib-C_S3_L001_R2_001_sub.fastq,ACAGTG
LL07A.3,G9,Tag_6,Lib_D,Tag_6_Lib_D,LL07A,LL20170721A,Hood Canal Intertidal,Lilliwaup,Low Tide,July,COI,ACGACG,GGWACWGGWTGAACWGTWTAYCCYCC,TANACYTCNGGRTGNCCRAARAAYCA,500,4,Lib-D_S4_L001_R1_001_sub.fastq,Lib-D_S4_L001_R2_001_sub.fastq,GCCAAT
LL07B.3,H9,Tag_7,Lib_D,Tag_7_Lib_D,LL07B,LL20170721B,Hood Canal Intertidal,Lilliwaup,Low Tide,July,COI,ATATCG,GGWACWGGWTGAACWGTWTAYCCYCC,TANACYTCNGGRTGNCCRAARAAYCA,500,4,Lib-D_S4_L001_R1_001_sub.fastq,Lib-D_S4_L001_R2_001_sub.fastq,GCCAAT
LL07C.3,A10,Tag_2,Lib_E,Tag_2_Lib_E,LL07C,LL20170721C,Hood Canal Intertidal,Lilliwaup,Low Tide,July,COI,ACAGCA,GGWACWGGWTGAACWGTWTAYCCYCC,TANACYTCNGGRTGNCCRAARAAYCA,500,4,Lib-E_S5_L001_R1_001_sub.fastq,Lib-E_S5_L001_R2_001_sub.fastq,CAGATC
PO07A.3,B10,Tag_6,Lib_F,Tag_6_Lib_F,PO07A,PO20170721A,Hood Canal Intertidal,Potlatch,Incoming,July,COI,ACGACG,GGWACWGGWTGAACWGTWTAYCCYCC,TANACYTCNGGRTGNCCRAARAAYCA,500,4,Lib-F_S6_L001_R1_001_sub.fastq,Lib-F_S6_L001_R2_001_sub.fastq,CTTGTA
PO07B.3,C10,Tag_5,Lib_E,Tag_5_Lib_E,PO07B,PO20170721B,Hood Canal Intertidal,Potlatch,Incoming,July,COI,ACATGT,GGWACWGGWTGAACWGTWTAYCCYCC,TANACYTCNGGRTGNCCRAARAAYCA,500,4,Lib-E_S5_L001_R1_001_sub.fastq,Lib-E_S5_L001_R2_001_sub.fastq,CAGATC
PO07C.3,D10,Tag_6,Lib_A,Tag_6_Lib_A,PO07C,PO20170721C,Hood Canal Intertidal,Potlatch,Incoming,July,COI,ACGACG,GGWACWGGWTGAACWGTWTAYCCYCC,TANACYTCNGGRTGNCCRAARAAYCA,500,4,Lib-A_S1_L001_R1_001_sub.fastq,Lib-A_S1_L001_R2_001_sub.fastq,CGATGT
TW07A.3,E10,Tag_8,Lib_F,Tag_8_Lib_F,TW07A,TW20170721A,Hood Canal Intertidal,Twanoh,Low Tide,July,COI,CTCGCA,GGWACWGGWTGAACWGTWTAYCCYCC,TANACYTCNGGRTGNCCRAARAAYCA,500,4,Lib-F_S6_L001_R1_001_sub.fastq,Lib-F_S6_L001_R2_001_sub.fastq,CTTGTA
TW07B.3,F10,Tag_14,Lib_F,Tag_14_Lib_F,TW07B,TW20170721B,Hood Canal Intertidal,Twanoh,Low Tide,July,COI,TCGTCA,GGWACWGGWTGAACWGTWTAYCCYCC,TANACYTCNGGRTGNCCRAARAAYCA,500,4,Lib-F_S6_L001_R1_001_sub.fastq,Lib-F_S6_L001_R2_001_sub.fastq,CTTGTA
TW07C.3,G10,Tag_1,Lib_C,Tag_1_Lib_C,TW07C,TW20170721C,Hood Canal Intertidal,Twanoh,Low Tide,July,COI,ACACAC,GGWACWGGWTGAACWGTWTAYCCYCC,TANACYTCNGGRTGNCCRAARAAYCA,500,4,Lib-C_S3_L001_R1_001_sub.fastq,Lib-C_S3_L001_R2_001_sub.fastq,ACAGTG
Ostrich.3,H10,Tag_15,Lib_E,Tag_15_Lib_E,Ostrich,NA,NA,NA,NA,NA,COI,CGACGC,GGWACWGGWTGAACWGTWTAYCCYCC,TANACYTCNGGRTGNCCRAARAAYCA,500,4,Lib-E_S5_L001_R1_001_sub.fastq,Lib-E_S5_L001_R2_001_sub.fastq,CAGATC
SA08A.3,A11,Tag_4,Lib_C,Tag_4_Lib_C,SA08A,SA20170818A,Hood Canal Intertidal,Salisbury,Low Tide,August,COI,GCGCTC,GGWACWGGWTGAACWGTWTAYCCYCC,TANACYTCNGGRTGNCCRAARAAYCA,500,4,Lib-C_S3_L001_R1_001_sub.fastq,Lib-C_S3_L001_R2_001_sub.fastq,ACAGTG
SA08B.3,B11,Tag_10,Lib_F,Tag_10_Lib_F,SA08B,SA20170818B,Hood Canal Intertidal,Salisbury,Low Tide,August,COI,TGTATG,GGWACWGGWTGAACWGTWTAYCCYCC,TANACYTCNGGRTGNCCRAARAAYCA,500,4,Lib-F_S6_L001_R1_001_sub.fastq,Lib-F_S6_L001_R2_001_sub.fastq,CTTGTA
SA08C.3,C11,Tag_12,Lib_G,Tag_12_Lib_G,SA08C,SA20170818C,Hood Canal Intertidal,Salisbury,Low Tide,August,COI,GATGAC,GGWACWGGWTGAACWGTWTAYCCYCC,TANACYTCNGGRTGNCCRAARAAYCA,500,4,Lib-G_S7_L001_R1_001_sub.fastq,Lib-G_S7_L001_R2_001_sub.fastq,GGCTAC
TR08A.3,D11,Tag_9,Lib_F,Tag_9_Lib_F,TR08A,TR20170818A,Hood Canal Intertidal,Triton,Incoming/Low,August,COI,TCGCAT,GGWACWGGWTGAACWGTWTAYCCYCC,TANACYTCNGGRTGNCCRAARAAYCA,500,4,Lib-F_S6_L001_R1_001_sub.fastq,Lib-F_S6_L001_R2_001_sub.fastq,CTTGTA
TR08B.3,E11,Tag_11,Lib_C,Tag_11_Lib_C,TR08B,TR20170818B,Hood Canal Intertidal,Triton,Incoming/Low,August,COI,GCAGTG,GGWACWGGWTGAACWGTWTAYCCYCC,TANACYTCNGGRTGNCCRAARAAYCA,500,4,Lib-C_S3_L001_R1_001_sub.fastq,Lib-C_S3_L001_R2_001_sub.fastq,ACAGTG
TR08C.3,F11,Tag_1,Lib_F,Tag_1_Lib_F,TR08C,TR20170818C,Hood Canal Intertidal,Triton,Incoming/Low,August,COI,ACACAC,GGWACWGGWTGAACWGTWTAYCCYCC,TANACYTCNGGRTGNCCRAARAAYCA,500,4,Lib-F_S6_L001_R1_001_sub.fastq,Lib-F_S6_L001_R2_001_sub.fastq,CTTGTA
LL08A.3,G11,Tag_11,Lib_D,Tag_11_Lib_D,LL08A,LL20170818A,Hood Canal Intertidal,Lilliwaup,Incoming,August,COI,GCAGTG,GGWACWGGWTGAACWGTWTAYCCYCC,TANACYTCNGGRTGNCCRAARAAYCA,500,4,Lib-D_S4_L001_R1_001_sub.fastq,Lib-D_S4_L001_R2_001_sub.fastq,GCCAAT
LL08B.3,H11,Tag_2,Lib_C,Tag_2_Lib_C,LL08B,LL20170818B,Hood Canal Intertidal,Lilliwaup,Incoming,August,COI,ACAGCA,GGWACWGGWTGAACWGTWTAYCCYCC,TANACYTCNGGRTGNCCRAARAAYCA,500,4,Lib-C_S3_L001_R1_001_sub.fastq,Lib-C_S3_L001_R2_001_sub.fastq,ACAGTG
LL08C.3,A12,Tag_11,Lib_E,Tag_11_Lib_E,LL08C,LL20170818C,Hood Canal Intertidal,Lilliwaup,Incoming,August,COI,GCAGTG,GGWACWGGWTGAACWGTWTAYCCYCC,TANACYTCNGGRTGNCCRAARAAYCA,500,4,Lib-E_S5_L001_R1_001_sub.fastq,Lib-E_S5_L001_R2_001_sub.fastq,CAGATC
PO08A.3,B12,Tag_6,Lib_G,Tag_6_Lib_G,PO08A,PO20170818A,Hood Canal Intertidal,Potlatch,Incoming,August,COI,ACGACG,GGWACWGGWTGAACWGTWTAYCCYCC,TANACYTCNGGRTGNCCRAARAAYCA,500,4,Lib-G_S7_L001_R1_001_sub.fastq,Lib-G_S7_L001_R2_001_sub.fastq,GGCTAC
PO08B.3,C12,Tag_9,Lib_D,Tag_9_Lib_D,PO08B,PO20170818B,Hood Canal Intertidal,Potlatch,Incoming,August,COI,TCGCAT,GGWACWGGWTGAACWGTWTAYCCYCC,TANACYTCNGGRTGNCCRAARAAYCA,500,4,Lib-D_S4_L001_R1_001_sub.fastq,Lib-D_S4_L001_R2_001_sub.fastq,GCCAAT
PO08C.3,D12,Tag_13,Lib_B,Tag_13_Lib_B,PO08C,PO20170818C,Hood Canal Intertidal,Potlatch,Incoming,August,COI,ATCAGT,GGWACWGGWTGAACWGTWTAYCCYCC,TANACYTCNGGRTGNCCRAARAAYCA,500,4,Lib-B_S2_L001_R1_001_sub.fastq,Lib-B_S2_L001_R2_001_sub.fastq,TGACCA
TW08A.3,E12,Tag_14,Lib_B,Tag_14_Lib_B,TW08A,TW20170818A,Hood Canal Intertidal,Twanoh,Incoming/High,August,COI,TCGTCA,GGWACWGGWTGAACWGTWTAYCCYCC,TANACYTCNGGRTGNCCRAARAAYCA,500,4,Lib-B_S2_L001_R1_001_sub.fastq,Lib-B_S2_L001_R2_001_sub.fastq,TGACCA
TW08B.3,F12,Tag_1,Lib_E,Tag_1_Lib_E,TW08B,TW20170818B,Hood Canal Intertidal,Twanoh,Incoming/High,August,COI,ACACAC,GGWACWGGWTGAACWGTWTAYCCYCC,TANACYTCNGGRTGNCCRAARAAYCA,500,4,Lib-E_S5_L001_R1_001_sub.fastq,Lib-E_S5_L001_R2_001_sub.fastq,CAGATC
TW08C.3,G12,Tag_10,Lib_E,Tag_10_Lib_E,TW08C,TW20170818C,Hood Canal Intertidal,Twanoh,Incoming/High,August,COI,TGTATG,GGWACWGGWTGAACWGTWTAYCCYCC,TANACYTCNGGRTGNCCRAARAAYCA,500,4,Lib-E_S5_L001_R1_001_sub.fastq,Lib-E_S5_L001_R2_001_sub.fastq,CAGATC