pri_index_name,Number,sample_id,sec_index_seq,primerF_seq,primerR_seq,file1,file2,Ns,NRs,NSss
Lib_01,A01,Gb_NOR_17Q2_s_01,NNNNACACACAC,GGWACWGGWTGAACWGTWTAYCCYCC,TANACYTCNGGRTGNCCRAARAAYCA,Lib01_S1_R1_short.fastq,Lib01_S1_R2_short.fastq,4,4,NNNN
Lib_01,B01,Gb_NOR_18R2_s_02,NNNACACAGCA,GGWACWGGWTGAACWGTWTAYCCYCC,TANACYTCNGGRTGNCCRAARAAYCA,Lib01_S1_R1_short.fastq,Lib01_S1_R2_short.fastq,3,3,NNN
Lib_01,C01,Gb_NOR_1A7_s_03,NNAGCGCTCG,GGWACWGGWTGAACWGTWTAYCCYCC,TANACYTCNGGRTGNCCRAARAAYCA,Lib01_S1_R1_short.fastq,Lib01_S1_R2_short.fastq,2,2,NN
Lib_01,D01,Pv_Sw_9_s_04,NNNNGCGACGTG,GGWACWGGWTGAACWGTWTAYCCYCC,TANACYTCNGGRTGNCCRAARAAYCA,Lib01_S1_R1_short.fastq,Lib01_S1_R2_short.fastq,4,4,NNNN
Lib_01,E01,Pv_Sw_11_s_05,NNNAGCGAGTC,GGWACWGGWTGAACWGTWTAYCCYCC,TANACYTCNGGRTGNCCRAARAAYCA,Lib01_S1_R1_short.fastq,Lib01_S1_R2_short.fastq,3,3,NNN
Lib_01,F01,Gb_Sw_22V6_s_06,NNATGTCGAG,GGWACWGGWTGAACWGTWTAYCCYCC,TANACYTCNGGRTGNCCRAARAAYCA,Lib01_S1_R1_short.fastq,Lib01_S1_R2_short.fastq,2,2,NN
Lib_01,G01,POSITIVE_07,NNNNACACATGT,GGWACWGGWTGAACWGTWTAYCCYCC,TANACYTCNGGRTGNCCRAARAAYCA,Lib01_S1_R1_short.fastq,Lib01_S1_R2_short.fastq,4,4,NNNN
Lib_01,H01,Pv_NoS_11452_s_08,NNNACACGACG,GGWACWGGWTGAACWGTWTAYCCYCC,TANACYTCNGGRTGNCCRAARAAYCA,Lib01_S1_R1_short.fastq,Lib01_S1_R2_short.fastq,3,3,NNN
Lib_01,A02,Pv_NoS_Notag_s_09,NNTGCTCGAT,GGWACWGGWTGAACWGTWTAYCCYCC,TANACYTCNGGRTGNCCRAARAAYCA,Lib01_S1_R1_short.fastq,Lib01_S1_R2_short.fastq,2,2,NN
Lib_01,B02,NEGATIVE_10,NNNNTCGTGCTC,GGWACWGGWTGAACWGTWTAYCCYCC,TANACYTCNGGRTGNCCRAARAAYCA,Lib01_S1_R1_short.fastq,Lib01_S1_R2_short.fastq,4,4,NNNN
Lib_01,C02,Pv_SRT_046-26_s_11,NNNGTACGCTG,GGWACWGGWTGAACWGTWTAYCCYCC,TANACYTCNGGRTGNCCRAARAAYCA,Lib01_S1_R1_short.fastq,Lib01_S1_R2_short.fastq,3,3,NNN
Lib_01,D02,Pv_SRT_046-49_s_12,NNACACGCGA,GGWACWGGWTGAACWGTWTAYCCYCC,TANACYTCNGGRTGNCCRAARAAYCA,Lib01_S1_R1_short.fastq,Lib01_S1_R2_short.fastq,2,2,NN
Lib_01,E02,Pv_RB_11218_s_13,NNNNATGTCTGC,GGWACWGGWTGAACWGTWTAYCCYCC,TANACYTCNGGRTGNCCRAARAAYCA,Lib01_S1_R1_short.fastq,Lib01_S1_R2_short.fastq,4,4,NNNN
Lib_01,F02,Pv_RB_MPA_1866_s_14,NNNGTGCAGAC,GGWACWGGWTGAACWGTWTAYCCYCC,TANACYTCNGGRTGNCCRAARAAYCA,Lib01_S1_R1_short.fastq,Lib01_S1_R2_short.fastq,3,3,NNN
Lib_01,G02,Pv_RB_1418_s_15,NNTAGCAGTG,GGWACWGGWTGAACWGTWTAYCCYCC,TANACYTCNGGRTGNCCRAARAAYCA,Lib01_S1_R1_short.fastq,Lib01_S1_R2_short.fastq,2,2,NN
Lib_01,H02,Pv_RB_1420_s_16,NNNNGCGAGTAG,GGWACWGGWTGAACWGTWTAYCCYCC,TANACYTCNGGRTGNCCRAARAAYCA,Lib01_S1_R1_short.fastq,Lib01_S1_R2_short.fastq,4,4,NNNN
Lib_01,A03,Gh_Vst_080TVG-009B_s_17,NNNACACTAGC,GGWACWGGWTGAACWGTWTAYCCYCC,TANACYTCNGGRTGNCCRAARAAYCA,Lib01_S1_R1_short.fastq,Lib01_S1_R2_short.fastq,3,3,NNN
Lib_01,B03,Gh_Vst_080TVG-010B_s_18,NNTCATACGT,GGWACWGGWTGAACWGTWTAYCCYCC,TANACYTCNGGRTGNCCRAARAAYCA,Lib01_S1_R1_short.fastq,Lib01_S1_R2_short.fastq,2,2,NN
Lib_01,C03,Gh_Vst_080TVG-013B_s_19,NNNNTGCTGCAC,GGWACWGGWTGAACWGTWTAYCCYCC,TANACYTCNGGRTGNCCRAARAAYCA,Lib01_S1_R1_short.fastq,Lib01_S1_R2_short.fastq,4,4,NNNN
Lib_01,D03,Pv_RB_MPA_11417_s_20,NNNGTGCGACG,GGWACWGGWTGAACWGTWTAYCCYCC,TANACYTCNGGRTGNCCRAARAAYCA,Lib01_S1_R1_short.fastq,Lib01_S1_R2_short.fastq,3,3,NNN
Lib_01,E03,Pv_RB_MPA_11419_s_21,NNTGCTCAGA,GGWACWGGWTGAACWGTWTAYCCYCC,TANACYTCNGGRTGNCCRAARAAYCA,Lib01_S1_R1_short.fastq,Lib01_S1_R2_short.fastq,2,2,NN
Lib_01,F03,Gb_SRT_8H5_s_22,NNNNACACTCTG,GGWACWGGWTGAACWGTWTAYCCYCC,TANACYTCNGGRTGNCCRAARAAYCA,Lib01_S1_R1_short.fastq,Lib01_S1_R2_short.fastq,4,4,NNNN
Lib_01,G03,Gb_SRT_1A5_s_23,NNNACACTGAT,GGWACWGGWTGAACWGTWTAYCCYCC,TANACYTCNGGRTGNCCRAARAAYCA,Lib01_S1_R1_short.fastq,Lib01_S1_R2_short.fastq,3,3,NNN
Lib_01,H03,POSITIVE_24,NNAGCTAGCA,GGWACWGGWTGAACWGTWTAYCCYCC,TANACYTCNGGRTGNCCRAARAAYCA,Lib01_S1_R1_short.fastq,Lib01_S1_R2_short.fastq,2,2,NN
Lib_01,A04,Gb_Sva_20T5_s_25,NNNNTCATATAC,GGWACWGGWTGAACWGTWTAYCCYCC,TANACYTCNGGRTGNCCRAARAAYCA,Lib01_S1_R1_short.fastq,Lib01_S1_R2_short.fastq,4,4,NNNN
Lib_01,B04,Gb_Sva_7G6_s_26,NNNGCGTCAGA,GGWACWGGWTGAACWGTWTAYCCYCC,TANACYTCNGGRTGNCCRAARAAYCA,Lib01_S1_R1_short.fastq,Lib01_S1_R2_short.fastq,3,3,NNN
Lib_01,C04,Gb_NwK_12L5_s_27,NNGACACACG,GGWACWGGWTGAACWGTWTAYCCYCC,TANACYTCNGGRTGNCCRAARAAYCA,Lib01_S1_R1_short.fastq,Lib01_S1_R2_short.fastq,2,2,NN
Lib_01,D04,Gb_NwK_21U5_s_28,NNNNAGCTATAG,GGWACWGGWTGAACWGTWTAYCCYCC,TANACYTCNGGRTGNCCRAARAAYCA,Lib01_S1_R1_short.fastq,Lib01_S1_R2_short.fastq,4,4,NNNN
Lib_01,E04,Pv_NwK_ST5-38_s_29,NNNACAGACTA,GGWACWGGWTGAACWGTWTAYCCYCC,TANACYTCNGGRTGNCCRAARAAYCA,Lib01_S1_R1_short.fastq,Lib01_S1_R2_short.fastq,3,3,NNN
Lib_01,F04,Pv_NwK_ST5-39_s_30,NNACAGAGAG,GGWACWGGWTGAACWGTWTAYCCYCC,TANACYTCNGGRTGNCCRAARAAYCA,Lib01_S1_R1_short.fastq,Lib01_S1_R2_short.fastq,2,2,NN
Lib_01,G04,Gh_Sva_62_s_31,NNNNGACACGAC,GGWACWGGWTGAACWGTWTAYCCYCC,TANACYTCNGGRTGNCCRAARAAYCA,Lib01_S1_R1_short.fastq,Lib01_S1_R2_short.fastq,4,4,NNNN
Lib_01,H04,Gh_Ice_ME85/3-1132-A_s_32,NNNTGTACAGC,GGWACWGGWTGAACWGTWTAYCCYCC,TANACYTCNGGRTGNCCRAARAAYCA,Lib01_S1_R1_short.fastq,Lib01_S1_R2_short.fastq,3,3,NNN
Lib_01,A05,Pv_SMK_ROV25-12_s_33,NNTCAGTATA,GGWACWGGWTGAACWGTWTAYCCYCC,TANACYTCNGGRTGNCCRAARAAYCA,Lib01_S1_R1_short.fastq,Lib01_S1_R2_short.fastq,2,2,NN
Lib_01,B05,NEGATIVE_34,NNNNGACACTGA,GGWACWGGWTGAACWGTWTAYCCYCC,TANACYTCNGGRTGNCCRAARAAYCA,Lib01_S1_R1_short.fastq,Lib01_S1_R2_short.fastq,4,4,NNNN
Lib_01,C05,Pv_SMK_ROV25-13_s_35,NNNAGATCTCT,GGWACWGGWTGAACWGTWTAYCCYCC,TANACYTCNGGRTGNCCRAARAAYCA,Lib01_S1_R1_short.fastq,Lib01_S1_R2_short.fastq,3,3,NNN
Lib_01,D05,Pv_SMK_ROV25-14_s_36,NNTGTACTAT,GGWACWGGWTGAACWGTWTAYCCYCC,TANACYTCNGGRTGNCCRAARAAYCA,Lib01_S1_R1_short.fastq,Lib01_S1_R2_short.fastq,2,2,NN
Lib_01,E05,Gb_BS_imp_23W4_s_37,NNNNGACAGAGC,GGWACWGGWTGAACWGTWTAYCCYCC,TANACYTCNGGRTGNCCRAARAAYCA,Lib01_S1_R1_short.fastq,Lib01_S1_R2_short.fastq,4,4,NNNN
Lib_01,F05,Gb_BS_imp_18R6_s_38,NNNTCATCTGA,GGWACWGGWTGAACWGTWTAYCCYCC,TANACYTCNGGRTGNCCRAARAAYCA,Lib01_S1_R1_short.fastq,Lib01_S1_R2_short.fastq,3,3,NNN
Lib_01,G05,Gb_BS_imp_9I4_s_39,NNTGTAGACT,GGWACWGGWTGAACWGTWTAYCCYCC,TANACYTCNGGRTGNCCRAARAAYCA,Lib01_S1_R1_short.fastq,Lib01_S1_R2_short.fastq,2,2,NN
Lib_01,H05,Gb_BS_unimp_4D2_s_40,NNNNGACAGCAG,GGWACWGGWTGAACWGTWTAYCCYCC,TANACYTCNGGRTGNCCRAARAAYCA,Lib01_S1_R1_short.fastq,Lib01_S1_R2_short.fastq,4,4,NNNN
Lib_01,A06,Gb_BS_unimp_14N5_s_41,NNNACAGCGTC,GGWACWGGWTGAACWGTWTAYCCYCC,TANACYTCNGGRTGNCCRAARAAYCA,Lib01_S1_R1_short.fastq,Lib01_S1_R2_short.fastq,3,3,NNN
Lib_01,B06,Gb_BS_unimp_6F4_s_42,NNAGCTGACG,GGWACWGGWTGAACWGTWTAYCCYCC,TANACYTCNGGRTGNCCRAARAAYCA,Lib01_S1_R1_short.fastq,Lib01_S1_R2_short.fastq,2,2,NN
Lib_01,C06,Gb_BS_unimp_3C6_s_43,NNNNTCAGTCAC,GGWACWGGWTGAACWGTWTAYCCYCC,TANACYTCNGGRTGNCCRAARAAYCA,Lib01_S1_R1_short.fastq,Lib01_S1_R2_short.fastq,4,4,NNNN
Lib_01,D06,Gb_Can_S_5E2_s_44,NNNACAGCTAT,GGWACWGGWTGAACWGTWTAYCCYCC,TANACYTCNGGRTGNCCRAARAAYCA,Lib01_S1_R1_short.fastq,Lib01_S1_R2_short.fastq,3,3,NNN
Lib_01,E06,Pv_SSNd_H044-01642_s_45,NNTGTAGCTA,GGWACWGGWTGAACWGTWTAYCCYCC,TANACYTCNGGRTGNCCRAARAAYCA,Lib01_S1_R1_short.fastq,Lib01_S1_R2_short.fastq,2,2,NN
Lib_01,F06,Pv_SSNd_H044-01643_s_46,NNNNGACAGTCT,GGWACWGGWTGAACWGTWTAYCCYCC,TANACYTCNGGRTGNCCRAARAAYCA,Lib01_S1_R1_short.fastq,Lib01_S1_R2_short.fastq,4,4,NNNN
Lib_01,G06,Pv_SSNd_H044-01645_s_47,NNNGTGTAGCA,GGWACWGGWTGAACWGTWTAYCCYCC,TANACYTCNGGRTGNCCRAARAAYCA,Lib01_S1_R1_short.fastq,Lib01_S1_R2_short.fastq,3,3,NNN
Lib_01,H06,POSITIVE_48,NNGCGCGCGC,GGWACWGGWTGAACWGTWTAYCCYCC,TANACYTCNGGRTGNCCRAARAAYCA,Lib01_S1_R1_short.fastq,Lib01_S1_R2_short.fastq,2,2,NN
Lib_01,A07,Gb_FS_MPA_20T6_s_49,NNNNGTACTAGT,GGWACWGGWTGAACWGTWTAYCCYCC,TANACYTCNGGRTGNCCRAARAAYCA,Lib01_S1_R1_short.fastq,Lib01_S1_R2_short.fastq,4,4,NNNN
Lib_01,B07,Gb_FS_MPA_14N4_s_50,NNNGACATATA,GGWACWGGWTGAACWGTWTAYCCYCC,TANACYTCNGGRTGNCCRAARAAYCA,Lib01_S1_R1_short.fastq,Lib01_S1_R2_short.fastq,3,3,NNN
Lib_01,C07,Gb_FS_MPA_22V2_s_51,NNACAGTCGT,GGWACWGGWTGAACWGTWTAYCCYCC,TANACYTCNGGRTGNCCRAARAAYCA,Lib01_S1_R1_short.fastq,Lib01_S1_R2_short.fastq,2,2,NN
Lib_01,D07,Pv_FS_MPA_01601_s_52,NNNNGACATCGT,GGWACWGGWTGAACWGTWTAYCCYCC,TANACYTCNGGRTGNCCRAARAAYCA,Lib01_S1_R1_short.fastq,Lib01_S1_R2_short.fastq,4,4,NNNN
Lib_01,E07,Pv_FS_MPA_01603_s_53,NNNGTGCACTA,GGWACWGGWTGAACWGTWTAYCCYCC,TANACYTCNGGRTGNCCRAARAAYCA,Lib01_S1_R1_short.fastq,Lib01_S1_R2_short.fastq,3,3,NNN
Lib_01,F07,Gb_Can_S_8H6_s_54,NNATCGCAGT,GGWACWGGWTGAACWGTWTAYCCYCC,TANACYTCNGGRTGNCCRAARAAYCA,Lib01_S1_R1_short.fastq,Lib01_S1_R2_short.fastq,2,2,NN
Lib_01,G07,Gb_Can_S_16P6_s_55,NNNNGTGTCACT,GGWACWGGWTGAACWGTWTAYCCYCC,TANACYTCNGGRTGNCCRAARAAYCA,Lib01_S1_R1_short.fastq,Lib01_S1_R2_short.fastq,4,4,NNNN
Lib_01,H07,Gh_SM_AGT07-22.2_s_56,NNNTGTATCGT,GGWACWGGWTGAACWGTWTAYCCYCC,TANACYTCNGGRTGNCCRAARAAYCA,Lib01_S1_R1_short.fastq,Lib01_S1_R2_short.fastq,3,3,NNN
Lib_01,A08,Gh_KS_197.1_s_57,NNTAGCGATA,GGWACWGGWTGAACWGTWTAYCCYCC,TANACYTCNGGRTGNCCRAARAAYCA,Lib01_S1_R1_short.fastq,Lib01_S1_R2_short.fastq,2,2,NN
Lib_01,B08,Gh_KS_200.5_s_58,NNNNAGTACGCT,GGWACWGGWTGAACWGTWTAYCCYCC,TANACYTCNGGRTGNCCRAARAAYCA,Lib01_S1_R1_short.fastq,Lib01_S1_R2_short.fastq,4,4,NNNN
Lib_01,C08,Gh_Ice_ME85/3-1123-2-C_d_59,NNNGACGACAC,GGWACWGGWTGAACWGTWTAYCCYCC,TANACYTCNGGRTGNCCRAARAAYCA,Lib01_S1_R1_short.fastq,Lib01_S1_R2_short.fastq,3,3,NNN
Lib_01,D08,Gh_Ice_ME85/3-1123-B_d_60,NNTGTATGCA,GGWACWGGWTGAACWGTWTAYCCYCC,TANACYTCNGGRTGNCCRAARAAYCA,Lib01_S1_R1_short.fastq,Lib01_S1_R2_short.fastq,2,2,NN
Lib_01,E08,Gh_Vst_045TVG-005B_i_61,NNNNTCGACTCT,GGWACWGGWTGAACWGTWTAYCCYCC,TANACYTCNGGRTGNCCRAARAAYCA,Lib01_S1_R1_short.fastq,Lib01_S1_R2_short.fastq,4,4,NNNN
Lib_01,F08,Gh_Vst_045TVG-011B_i_62,NNNGTGTCGTC,GGWACWGGWTGAACWGTWTAYCCYCC,TANACYTCNGGRTGNCCRAARAAYCA,Lib01_S1_R1_short.fastq,Lib01_S1_R2_short.fastq,3,3,NNN
Lib_01,G08,NEGATIVE_63,NNTGTCACAC,GGWACWGGWTGAACWGTWTAYCCYCC,TANACYTCNGGRTGNCCRAARAAYCA,Lib01_S1_R1_short.fastq,Lib01_S1_R2_short.fastq,2,2,NN
Lib_01,H08,Gh_Vst_045TVG-012B_i_64,NNNNACATATCG,GGWACWGGWTGAACWGTWTAYCCYCC,TANACYTCNGGRTGNCCRAARAAYCA,Lib01_S1_R1_short.fastq,Lib01_S1_R2_short.fastq,4,4,NNNN
Lib_02,A09,NEGATIVE_65,NNNGACGAGCA,GGWACWGGWTGAACWGTWTAYCCYCC,TANACYTCNGGRTGNCCRAARAAYCA,Lib02_S2_R1_short.fastq,Lib02_S2_R2_short.fastq,3,3,NNN
Lib_02,B09,Gh_Can_M_Trip8-75.5_d_66,NNGCGTACAC,GGWACWGGWTGAACWGTWTAYCCYCC,TANACYTCNGGRTGNCCRAARAAYCA,Lib02_S2_R1_short.fastq,Lib02_S2_R2_short.fastq,2,2,NN
Lib_02,C09,Gh_Can_M_Trip8-75.7_d_67,NNNNACATCAGT,GGWACWGGWTGAACWGTWTAYCCYCC,TANACYTCNGGRTGNCCRAARAAYCA,Lib02_S2_R1_short.fastq,Lib02_S2_R2_short.fastq,4,4,NNNN
Lib_02,D09,Gh_Can_M_Trip8-75.8_d_68,NNNGTGTGAGC,GGWACWGGWTGAACWGTWTAYCCYCC,TANACYTCNGGRTGNCCRAARAAYCA,Lib02_S2_R1_short.fastq,Lib02_S2_R2_short.fastq,3,3,NNN
Lib_02,E09,Gb_Can_M_Trip8-75.1_d_69,NNTGTCAGTA,GGWACWGGWTGAACWGTWTAYCCYCC,TANACYTCNGGRTGNCCRAARAAYCA,Lib02_S2_R1_short.fastq,Lib02_S2_R2_short.fastq,2,2,NN
Lib_02,F09,Gb_Can_M_Trip8-75.2_d_70,NNNNTGTCATGT,GGWACWGGWTGAACWGTWTAYCCYCC,TANACYTCNGGRTGNCCRAARAAYCA,Lib02_S2_R1_short.fastq,Lib02_S2_R2_short.fastq,4,4,NNNN
Lib_02,G09,Gb_Can_M_Trip8-75.3_d_71,NNNGACGCATC,GGWACWGGWTGAACWGTWTAYCCYCC,TANACYTCNGGRTGNCCRAARAAYCA,Lib02_S2_R1_short.fastq,Lib02_S2_R2_short.fastq,3,3,NNN
Lib_02,H09,Gb_RSB_MPA_13M5_d_72,NNAGTATACG,GGWACWGGWTGAACWGTWTAYCCYCC,TANACYTCNGGRTGNCCRAARAAYCA,Lib02_S2_R1_short.fastq,Lib02_S2_R2_short.fastq,2,2,NN
Lib_02,A10,Gb_RSB_MPA_18R4_d_73,NNNNGCGTATGT,GGWACWGGWTGAACWGTWTAYCCYCC,TANACYTCNGGRTGNCCRAARAAYCA,Lib02_S2_R1_short.fastq,Lib02_S2_R2_short.fastq,4,4,NNNN
Lib_02,B10,Gb_RSB_MPA_13M4_d_74,NNNACGACACG,GGWACWGGWTGAACWGTWTAYCCYCC,TANACYTCNGGRTGNCCRAARAAYCA,Lib02_S2_R1_short.fastq,Lib02_S2_R2_short.fastq,3,3,NNN
Lib_02,C10,Gb_Can_S_15O6_d_75,NNGACGCTAG,GGWACWGGWTGAACWGTWTAYCCYCC,TANACYTCNGGRTGNCCRAARAAYCA,Lib02_S2_R1_short.fastq,Lib02_S2_R2_short.fastq,2,2,NN
Lib_02,D10,Gb_Can_S_2B6_d_76,NNNNACATGATA,GGWACWGGWTGAACWGTWTAYCCYCC,TANACYTCNGGRTGNCCRAARAAYCA,Lib02_S2_R1_short.fastq,Lib02_S2_R2_short.fastq,4,4,NNNN
Lib_02,E10,Gb_Can_S_17Q3_d_77,NNNACATGCAG,GGWACWGGWTGAACWGTWTAYCCYCC,TANACYTCNGGRTGNCCRAARAAYCA,Lib02_S2_R1_short.fastq,Lib02_S2_R2_short.fastq,3,3,NNN
Lib_02,F10,Gb_Can_S_23W6_d_78,NNGACGTACT,GGWACWGGWTGAACWGTWTAYCCYCC,TANACYTCNGGRTGNCCRAARAAYCA,Lib02_S2_R1_short.fastq,Lib02_S2_R2_short.fastq,2,2,NN
Lib_02,G10,Gh_KS_193.1_d_79,NNNNTACACGCT,GGWACWGGWTGAACWGTWTAYCCYCC,TANACYTCNGGRTGNCCRAARAAYCA,Lib02_S2_R1_short.fastq,Lib02_S2_R2_short.fastq,4,4,NNNN
Lib_02,H10,POSITIVE_80,NNNAGTATGTC,GGWACWGGWTGAACWGTWTAYCCYCC,TANACYTCNGGRTGNCCRAARAAYCA,Lib02_S2_R1_short.fastq,Lib02_S2_R2_short.fastq,3,3,NNN
Lib_02,A11,Gh_KS_193.2_d_81,NNTCAGCTCG,GGWACWGGWTGAACWGTWTAYCCYCC,TANACYTCNGGRTGNCCRAARAAYCA,Lib02_S2_R1_short.fastq,Lib02_S2_R2_short.fastq,2,2,NN
Lib_02,B11,Gh_Sva_100_d_82,NNNNACATGTGC,GGWACWGGWTGAACWGTWTAYCCYCC,TANACYTCNGGRTGNCCRAARAAYCA,Lib02_S2_R1_short.fastq,Lib02_S2_R2_short.fastq,4,4,NNNN
Lib_02,C11,NEGATIVE_83,NNNTGCTATCT,GGWACWGGWTGAACWGTWTAYCCYCC,TANACYTCNGGRTGNCCRAARAAYCA,Lib02_S2_R1_short.fastq,Lib02_S2_R2_short.fastq,3,3,NNN
Lib_02,D11,Gh_Sva_101_d_84,NNAGTCACGA,GGWACWGGWTGAACWGTWTAYCCYCC,TANACYTCNGGRTGNCCRAARAAYCA,Lib02_S2_R1_short.fastq,Lib02_S2_R2_short.fastq,2,2,NN
Lib_02,E11,Gh_JMR_DR05-1-A_s_85,NNNNTGTCTATC,GGWACWGGWTGAACWGTWTAYCCYCC,TANACYTCNGGRTGNCCRAARAAYCA,Lib02_S2_R1_short.fastq,Lib02_S2_R2_short.fastq,4,4,NNNN
Lib_02,F11,Gh_JMR_DR05-1-B_s_86,NNNGACGTCTG,GGWACWGGWTGAACWGTWTAYCCYCC,TANACYTCNGGRTGNCCRAARAAYCA,Lib02_S2_R1_short.fastq,Lib02_S2_R2_short.fastq,3,3,NNN
Lib_02,G11,Gh_JMR_DR01-A_d_87,NNAGTCAGAT,GGWACWGGWTGAACWGTWTAYCCYCC,TANACYTCNGGRTGNCCRAARAAYCA,Lib02_S2_R1_short.fastq,Lib02_S2_R2_short.fastq,2,2,NN
Lib_02,H11,Gh_JMR_DR01-B_d_88,NNNNACGACGAC,GGWACWGGWTGAACWGTWTAYCCYCC,TANACYTCNGGRTGNCCRAARAAYCA,Lib02_S2_R1_short.fastq,Lib02_S2_R2_short.fastq,4,4,NNNN
Lib_02,A12,Gh_JMR_DR01-C_d_89,NNNGACTACGA,GGWACWGGWTGAACWGTWTAYCCYCC,TANACYTCNGGRTGNCCRAARAAYCA,Lib02_S2_R1_short.fastq,Lib02_S2_R2_short.fastq,3,3,NNN
Lib_02,B12,Gh_Vst_019TVG-003B_d_90,NNAGTCATCG,GGWACWGGWTGAACWGTWTAYCCYCC,TANACYTCNGGRTGNCCRAARAAYCA,Lib02_S2_R1_short.fastq,Lib02_S2_R2_short.fastq,2,2,NN
Lib_02,C12,Gh_Vst_019TVG-010B_d_91,NNNNTACAGTAC,GGWACWGGWTGAACWGTWTAYCCYCC,TANACYTCNGGRTGNCCRAARAAYCA,Lib02_S2_R1_short.fastq,Lib02_S2_R2_short.fastq,4,4,NNNN
Lib_02,D12,Gh_Vst_011TVG-004B_d_92,NNNACGACTGA,GGWACWGGWTGAACWGTWTAYCCYCC,TANACYTCNGGRTGNCCRAARAAYCA,Lib02_S2_R1_short.fastq,Lib02_S2_R2_short.fastq,3,3,NNN
Lib_02,E12,Gh_JMR-SM_AGT03-26_d_93,NNAGTCGATA,GGWACWGGWTGAACWGTWTAYCCYCC,TANACYTCNGGRTGNCCRAARAAYCA,Lib02_S2_R1_short.fastq,Lib02_S2_R2_short.fastq,2,2,NN
Lib_02,F12,Gh_JMR-SM_AGT03-27_d_94,NNNNTGTGAGAG,GGWACWGGWTGAACWGTWTAYCCYCC,TANACYTCNGGRTGNCCRAARAAYCA,Lib02_S2_R1_short.fastq,Lib02_S2_R2_short.fastq,4,4,NNNN
Lib_02,G12,Gg_OK_274_d_95,NNNGCTACACT,GGWACWGGWTGAACWGTWTAYCCYCC,TANACYTCNGGRTGNCCRAARAAYCA,Lib02_S2_R1_short.fastq,Lib02_S2_R2_short.fastq,3,3,NNN
Lib_02,H12,Gg_OK_275_d_96,NNACGAGCAT,GGWACWGGWTGAACWGTWTAYCCYCC,TANACYTCNGGRTGNCCRAARAAYCA,Lib02_S2_R1_short.fastq,Lib02_S2_R2_short.fastq,2,2,NN
Lib_02,A01,Gh_OK_293_d_01,NNNNACACACAC,GGWACWGGWTGAACWGTWTAYCCYCC,TANACYTCNGGRTGNCCRAARAAYCA,Lib02_S2_R1_short.fastq,Lib02_S2_R2_short.fastq,4,4,NNNN
Lib_02,B01,Gb_OK_289_d_02,NNNACACAGCA,GGWACWGGWTGAACWGTWTAYCCYCC,TANACYTCNGGRTGNCCRAARAAYCA,Lib02_S2_R1_short.fastq,Lib02_S2_R2_short.fastq,3,3,NNN
Lib_02,C01,Xest_Xest_AR_002_L_03,NNAGCGCTCG,GGWACWGGWTGAACWGTWTAYCCYCC,TANACYTCNGGRTGNCCRAARAAYCA,Lib02_S2_R1_short.fastq,Lib02_S2_R2_short.fastq,2,2,NN
Lib_02,D01,Xest_Xest_AR_008_L_04,NNNNGCGACGTG,GGWACWGGWTGAACWGTWTAYCCYCC,TANACYTCNGGRTGNCCRAARAAYCA,Lib02_S2_R1_short.fastq,Lib02_S2_R2_short.fastq,4,4,NNNN
Lib_02,E01,Xest_Xest_AR_009_L_05,NNNAGCGAGTC,GGWACWGGWTGAACWGTWTAYCCYCC,TANACYTCNGGRTGNCCRAARAAYCA,Lib02_S2_R1_short.fastq,Lib02_S2_R2_short.fastq,3,3,NNN
Lib_02,F01,Xest_Xest_AR_023_C_06,NNATGTCGAG,GGWACWGGWTGAACWGTWTAYCCYCC,TANACYTCNGGRTGNCCRAARAAYCA,Lib02_S2_R1_short.fastq,Lib02_S2_R2_short.fastq,2,2,NN
Lib_02,G01,Xest_Xest_AR_026_C_07,NNNNACACATGT,GGWACWGGWTGAACWGTWTAYCCYCC,TANACYTCNGGRTGNCCRAARAAYCA,Lib02_S2_R1_short.fastq,Lib02_S2_R2_short.fastq,4,4,NNNN
Lib_02,H01,POSITIVE_08,NNNACACGACG,GGWACWGGWTGAACWGTWTAYCCYCC,TANACYTCNGGRTGNCCRAARAAYCA,Lib02_S2_R1_short.fastq,Lib02_S2_R2_short.fastq,3,3,NNN
Lib_02,A02,Xest_Xest_AR_028_C_09,NNTGCTCGAT,GGWACWGGWTGAACWGTWTAYCCYCC,TANACYTCNGGRTGNCCRAARAAYCA,Lib02_S2_R1_short.fastq,Lib02_S2_R2_short.fastq,2,2,NN
Lib_02,B02,Xest_Xest_AR_029_R_10,NNNNTCGTGCTC,GGWACWGGWTGAACWGTWTAYCCYCC,TANACYTCNGGRTGNCCRAARAAYCA,Lib02_S2_R1_short.fastq,Lib02_S2_R2_short.fastq,4,4,NNNN
Lib_02,C02,Xest_Xest_AR_030_R_11,NNNGTACGCTG,GGWACWGGWTGAACWGTWTAYCCYCC,TANACYTCNGGRTGNCCRAARAAYCA,Lib02_S2_R1_short.fastq,Lib02_S2_R2_short.fastq,3,3,NNN
Lib_02,D02,Xest_Xest_AR_031_R_12,NNACACGCGA,GGWACWGGWTGAACWGTWTAYCCYCC,TANACYTCNGGRTGNCCRAARAAYCA,Lib02_S2_R1_short.fastq,Lib02_S2_R2_short.fastq,2,2,NN
Lib_02,E02,Xest_Xest_AR_015_H_13,NNNNATGTCTGC,GGWACWGGWTGAACWGTWTAYCCYCC,TANACYTCNGGRTGNCCRAARAAYCA,Lib02_S2_R1_short.fastq,Lib02_S2_R2_short.fastq,4,4,NNNN
Lib_02,F02,Xest_Xest_AR_016_H_14,NNNGTGCAGAC,GGWACWGGWTGAACWGTWTAYCCYCC,TANACYTCNGGRTGNCCRAARAAYCA,Lib02_S2_R1_short.fastq,Lib02_S2_R2_short.fastq,3,3,NNN
Lib_02,G02,Xest_Xest_AR_033_H_15,NNTAGCAGTG,GGWACWGGWTGAACWGTWTAYCCYCC,TANACYTCNGGRTGNCCRAARAAYCA,Lib02_S2_R1_short.fastq,Lib02_S2_R2_short.fastq,2,2,NN
Lib_02,H02,CC_GBC580_TM_16,NNNNGCGAGTAG,GGWACWGGWTGAACWGTWTAYCCYCC,TANACYTCNGGRTGNCCRAARAAYCA,Lib02_S2_R1_short.fastq,Lib02_S2_R2_short.fastq,4,4,NNNN
Lib_02,A03,CC_GBC579_NFE_17,NNNACACTAGC,GGWACWGGWTGAACWGTWTAYCCYCC,TANACYTCNGGRTGNCCRAARAAYCA,Lib02_S2_R1_short.fastq,Lib02_S2_R2_short.fastq,3,3,NNN
Lib_02,B03,NEGATIVE_18,NNTCATACGT,GGWACWGGWTGAACWGTWTAYCCYCC,TANACYTCNGGRTGNCCRAARAAYCA,Lib02_S2_R1_short.fastq,Lib02_S2_R2_short.fastq,2,2,NN
Lib_02,C03,CC_GBC585_NFE_19,NNNNTGCTGCAC,GGWACWGGWTGAACWGTWTAYCCYCC,TANACYTCNGGRTGNCCRAARAAYCA,Lib02_S2_R1_short.fastq,Lib02_S2_R2_short.fastq,4,4,NNNN
Lib_02,D03,CC_GBC583_TM_20,NNNGTGCGACG,GGWACWGGWTGAACWGTWTAYCCYCC,TANACYTCNGGRTGNCCRAARAAYCA,Lib02_S2_R1_short.fastq,Lib02_S2_R2_short.fastq,3,3,NNN
Lib_02,E03,Gb_Sw_15O5_s_21,NNTGCTCAGA,GGWACWGGWTGAACWGTWTAYCCYCC,TANACYTCNGGRTGNCCRAARAAYCA,Lib02_S2_R1_short.fastq,Lib02_S2_R2_short.fastq,2,2,NN
Lib_02,F03,Pv_NoS_11456_s_22,NNNNACACTCTG,GGWACWGGWTGAACWGTWTAYCCYCC,TANACYTCNGGRTGNCCRAARAAYCA,Lib02_S2_R1_short.fastq,Lib02_S2_R2_short.fastq,4,4,NNNN
Lib_02,G03,Pv_RB_11221_s_23,NNNACACTGAT,GGWACWGGWTGAACWGTWTAYCCYCC,TANACYTCNGGRTGNCCRAARAAYCA,Lib02_S2_R1_short.fastq,Lib02_S2_R2_short.fastq,3,3,NNN
Lib_02,H03,Pv_RB_MPA_1865_s_24,NNAGCTAGCA,GGWACWGGWTGAACWGTWTAYCCYCC,TANACYTCNGGRTGNCCRAARAAYCA,Lib02_S2_R1_short.fastq,Lib02_S2_R2_short.fastq,2,2,NN
Lib_02,A04,Gh_Ice_A11-641-B_s_25,NNNNTCATATAC,GGWACWGGWTGAACWGTWTAYCCYCC,TANACYTCNGGRTGNCCRAARAAYCA,Lib02_S2_R1_short.fastq,Lib02_S2_R2_short.fastq,4,4,NNNN
Lib_02,B04,Pv_FS_MPA_01602_s_26,NNNGCGTCAGA,GGWACWGGWTGAACWGTWTAYCCYCC,TANACYTCNGGRTGNCCRAARAAYCA,Lib02_S2_R1_short.fastq,Lib02_S2_R2_short.fastq,3,3,NNN
Lib_02,C04,Gh_SM_AGT07-22.3_s_27,NNGACACACG,GGWACWGGWTGAACWGTWTAYCCYCC,TANACYTCNGGRTGNCCRAARAAYCA,Lib02_S2_R1_short.fastq,Lib02_S2_R2_short.fastq,2,2,NN
Lib_02,D04,Gh_SM_AGT07-22.10_s_28,NNNNAGCTATAG,GGWACWGGWTGAACWGTWTAYCCYCC,TANACYTCNGGRTGNCCRAARAAYCA,Lib02_S2_R1_short.fastq,Lib02_S2_R2_short.fastq,4,4,NNNN
Lib_02,E04,Gh_SM_ROV12-11.2_d_29,NNNACAGACTA,GGWACWGGWTGAACWGTWTAYCCYCC,TANACYTCNGGRTGNCCRAARAAYCA,Lib02_S2_R1_short.fastq,Lib02_S2_R2_short.fastq,3,3,NNN
Lib_02,F04,Gh_SM_ROV19-11_d_30,NNACAGAGAG,GGWACWGGWTGAACWGTWTAYCCYCC,TANACYTCNGGRTGNCCRAARAAYCA,Lib02_S2_R1_short.fastq,Lib02_S2_R2_short.fastq,2,2,NN
Lib_02,G04,Gb_BS_imp_15O4_s_31,NNNNGACACGAC,GGWACWGGWTGAACWGTWTAYCCYCC,TANACYTCNGGRTGNCCRAARAAYCA,Lib02_S2_R1_short.fastq,Lib02_S2_R2_short.fastq,4,4,NNNN
Lib_02,H04,POSITIVE_32,NNNTGTACAGC,GGWACWGGWTGAACWGTWTAYCCYCC,TANACYTCNGGRTGNCCRAARAAYCA,Lib02_S2_R1_short.fastq,Lib02_S2_R2_short.fastq,3,3,NNN
